step,train_loss,learning_rate,tokens_per_sec
10,1.908647,6.38e-06,196.0
20,1.371000,1.35e-05,236.4
30,1.231406,2.06e-05,199.0
40,1.163481,2.77e-05,206.7
50,1.286283,3.48e-05,233.0
60,1.198166,4.18e-05,210.1
70,1.049878,4.89e-05,196.3
80,1.388447,5.60e-05,219.7
90,1.093172,6.31e-05,199.0
100,1.099077,7.02e-05,205.8
110,1.160007,7.73e-05,206.7
120,1.209254,8.44e-05,217.1
130,1.293893,9.15e-05,219.6
140,1.258407,9.86e-05,223.2
150,1.085291,1.06e-04,207.3
160,0.902864,1.13e-04,186.7
170,1.167568,1.20e-04,209.8
180,1.130771,1.27e-04,206.5
190,1.224028,1.34e-04,207.8
200,1.146729,1.41e-04,203.7
210,1.229155,1.48e-04,208.2
220,1.191546,1.55e-04,223.5
230,1.168617,1.62e-04,200.7
240,1.338324,1.70e-04,192.5
250,1.142194,1.77e-04,192.1
260,1.202643,1.84e-04,190.0
270,1.641484,1.91e-04,215.8
280,1.476418,1.98e-04,198.9
290,3.259875,2.00e-04,210.4
300,3.642677,2.00e-04,179.1
310,15.234589,2.00e-04,211.7
320,9.989155,2.00e-04,200.5
330,6.671680,2.00e-04,199.3
340,5.818046,2.00e-04,205.8
350,5.149862,2.00e-04,211.1
360,5.112968,2.00e-04,228.6
370,4.382356,2.00e-04,188.7
380,4.540968,2.00e-04,201.8
390,4.661105,2.00e-04,203.9
400,4.646440,2.00e-04,236.1
410,4.192574,2.00e-04,205.7
420,4.396267,2.00e-04,221.1
430,4.323269,2.00e-04,203.1
440,4.335255,2.00e-04,217.7
450,4.144592,2.00e-04,200.7
460,4.280044,2.00e-04,209.2
470,4.159375,2.00e-04,222.4
480,4.035413,2.00e-04,206.6
490,4.049436,2.00e-04,201.0
500,4.273785,2.00e-04,223.3
510,4.053477,2.00e-04,202.9
520,4.147815,2.00e-04,219.6
530,4.204531,2.00e-04,222.1
540,4.095596,2.00e-04,205.6
550,4.401321,2.00e-04,224.0
560,3.823926,2.00e-04,187.2
570,4.159649,2.00e-04,205.4
580,3.915254,2.00e-04,196.5
590,3.830510,1.99e-04,189.0
600,4.015518,1.99e-04,216.0
610,3.937231,1.99e-04,215.7
620,3.946806,1.99e-04,213.1
630,4.029243,1.99e-04,213.0
640,4.022313,1.99e-04,222.5
650,3.556940,1.99e-04,179.3
660,3.925116,1.99e-04,202.3
670,3.824016,1.99e-04,199.5
680,3.766058,1.99e-04,190.3
690,3.785645,1.99e-04,203.2
700,3.859003,1.99e-04,194.3
710,3.687420,1.99e-04,186.9
720,3.618779,1.99e-04,199.3
730,3.770660,1.99e-04,210.5
740,4.151874,1.99e-04,232.1
750,3.659227,1.99e-04,188.9
760,3.973230,1.99e-04,212.1
770,3.932806,1.99e-04,211.1
780,3.974761,1.99e-04,208.2
790,3.640706,1.99e-04,200.9
800,3.758139,1.99e-04,204.7
810,3.643656,1.98e-04,200.0
820,3.826458,1.98e-04,216.1
830,3.840524,1.98e-04,229.5
840,3.676527,1.98e-04,215.8
850,3.679384,1.98e-04,206.8
860,3.606407,1.98e-04,202.2
870,3.595819,1.98e-04,191.9
880,3.937582,1.98e-04,229.2
890,3.728893,1.98e-04,205.5
900,3.733606,1.98e-04,205.1
910,3.519402,1.98e-04,201.6
920,3.798007,1.98e-04,212.0
930,3.284477,1.98e-04,174.3
940,3.789685,1.98e-04,217.9
950,3.629493,1.98e-04,200.3
960,3.465845,1.97e-04,200.8
970,3.420890,1.97e-04,195.1
980,4.037772,1.97e-04,236.3
990,3.759765,1.97e-04,200.3
1000,3.689497,1.97e-04,213.4
1010,19.516319,1.97e-04,221.4
1020,16.072404,1.97e-04,207.4
1030,11.554718,1.97e-04,222.2
1040,9.852023,1.97e-04,215.7
1050,8.380853,1.97e-04,214.3
1060,7.365514,1.97e-04,210.2
1070,6.994740,1.97e-04,223.4
1080,5.913345,1.96e-04,215.3
1090,5.560786,1.96e-04,217.4
1100,4.920077,1.96e-04,215.1
1110,4.639912,1.96e-04,206.9
1120,4.595237,1.96e-04,218.3
1130,4.449763,1.96e-04,200.0
1140,4.894093,1.96e-04,209.6
1150,4.178178,1.96e-04,198.6
1160,4.392996,1.96e-04,207.0
1170,4.079266,1.96e-04,189.5
1180,4.218244,1.96e-04,200.4
1190,4.154319,1.95e-04,215.1
1200,4.113514,1.95e-04,214.2
1210,4.346749,1.95e-04,198.5
1220,4.168876,1.95e-04,212.4
1230,4.149348,1.95e-04,217.8
1240,4.054340,1.95e-04,204.5
1250,4.242427,1.95e-04,218.4
1260,3.980290,1.95e-04,201.7
1270,4.142746,1.95e-04,221.6
1280,3.900360,1.95e-04,212.2
1290,4.174564,1.94e-04,217.2
1300,3.892672,1.94e-04,206.2
1310,3.924237,1.94e-04,211.7
1320,4.051878,1.94e-04,208.0
1330,3.958214,1.94e-04,216.0
1340,3.932072,1.94e-04,216.5
1350,3.659435,1.94e-04,203.4
1360,3.998655,1.94e-04,217.4
1370,3.852279,1.94e-04,222.8
1380,3.681051,1.93e-04,210.7
1390,3.796453,1.93e-04,224.5
1400,4.004804,1.93e-04,235.0
1410,3.783819,1.93e-04,218.3
1420,3.825463,1.93e-04,216.0
1430,3.704329,1.93e-04,211.3
1440,3.543839,1.93e-04,209.7
1450,3.660725,1.93e-04,221.6
1460,3.624279,1.92e-04,215.4
1470,3.371852,1.92e-04,206.6
1480,3.457418,1.92e-04,193.7
1490,3.090030,1.92e-04,171.4
1500,3.060790,1.92e-04,187.8
1510,3.214570,1.92e-04,199.7
1520,3.324963,1.92e-04,190.9
1530,3.163409,1.91e-04,193.3
1540,3.332233,1.91e-04,230.5
1550,3.380919,1.91e-04,222.0
1560,3.170246,1.91e-04,192.0
1570,3.378254,1.91e-04,197.1
1580,3.445860,1.91e-04,206.2
1590,3.556135,1.91e-04,222.8
1600,2.992463,1.91e-04,194.3
1610,3.067329,1.90e-04,211.5
1620,2.885638,1.90e-04,199.2
1630,2.506126,1.90e-04,185.8
1640,2.689425,1.90e-04,197.5
1650,2.506443,1.90e-04,181.8
1660,3.085827,1.90e-04,225.4
1670,3.284044,1.90e-04,222.7
1680,3.018743,1.89e-04,187.1
1690,2.511370,1.89e-04,199.8
1700,2.912516,1.89e-04,224.9
1710,2.576448,1.89e-04,219.2
1720,2.552883,1.89e-04,205.0
1730,2.431493,1.89e-04,204.4
1740,2.536150,1.88e-04,208.5
1750,2.380955,1.88e-04,195.9
1760,2.300513,1.88e-04,191.8
1770,1.976604,1.88e-04,177.6
1780,2.179402,1.88e-04,206.3
1790,2.137484,1.88e-04,184.7
1800,2.474529,1.87e-04,204.6
1810,2.045556,1.87e-04,197.7
1820,2.371556,1.87e-04,217.6
1830,2.352780,1.87e-04,222.8
1840,1.984854,1.87e-04,192.2
1850,2.125174,1.87e-04,204.7
1860,1.838953,1.87e-04,181.3
1870,1.835135,1.86e-04,196.9
1880,2.203586,1.86e-04,210.5
1890,2.102413,1.86e-04,198.1
1900,1.682362,1.86e-04,167.0
1910,2.313488,1.86e-04,207.8
1920,2.235003,1.85e-04,217.7
1930,2.079928,1.85e-04,197.1
1940,2.098013,1.85e-04,196.0
1950,2.342696,1.85e-04,222.5
1960,2.197561,1.85e-04,213.7
1970,2.083456,1.85e-04,207.3
1980,2.065131,1.84e-04,204.6
1990,2.274662,1.84e-04,226.5
2000,1.973265,1.84e-04,200.4
2010,2.230854,1.84e-04,216.2
2020,2.081067,1.84e-04,204.9
2030,1.825687,1.84e-04,193.3
2040,1.744806,1.83e-04,191.4
2050,2.172469,1.83e-04,221.2
2060,1.847075,1.83e-04,192.2
2070,1.751594,1.83e-04,186.8
2080,1.642134,1.83e-04,179.6
2090,1.950417,1.82e-04,196.4
2100,2.140513,1.82e-04,212.2
2110,1.783424,1.82e-04,202.2
2120,2.170177,1.82e-04,204.9
2130,1.962724,1.82e-04,206.1
2140,1.927097,1.81e-04,202.1
2150,2.004687,1.81e-04,199.2
2160,2.259853,1.81e-04,227.5
2170,1.736448,1.81e-04,190.0
2180,1.915972,1.81e-04,205.3
2190,2.026229,1.80e-04,207.1
2200,1.645949,1.80e-04,181.8
2210,2.104737,1.80e-04,208.0
2220,2.445040,1.80e-04,228.7
2230,2.078561,1.80e-04,206.7
2240,1.920144,1.79e-04,209.7
2250,1.977697,1.79e-04,204.1
2260,1.683430,1.79e-04,203.2
2270,1.828237,1.79e-04,201.6
2280,1.854454,1.79e-04,193.3
2290,2.078687,1.78e-04,210.8
2300,1.858776,1.78e-04,206.0
2310,1.716578,1.78e-04,195.6
2320,2.103894,1.78e-04,222.8
2330,2.164753,1.78e-04,230.0
2340,1.883475,1.77e-04,219.2
2350,2.088776,1.77e-04,206.6
2360,1.714706,1.77e-04,202.4
2370,2.126426,1.77e-04,219.3
2380,2.066046,1.77e-04,222.2
2390,1.957593,1.76e-04,221.8
2400,2.019297,1.76e-04,214.7
2410,1.857468,1.76e-04,209.5
2420,1.709974,1.76e-04,204.7
2430,1.764645,1.75e-04,197.7
2440,1.910457,1.75e-04,211.2
2450,1.567966,1.75e-04,181.0
2460,1.796103,1.75e-04,206.9
2470,1.900965,1.75e-04,206.3
2480,1.951543,1.74e-04,217.3
2490,1.702522,1.74e-04,203.0
2500,1.969477,1.74e-04,206.7
2510,2.109099,1.74e-04,224.9
2520,1.850659,1.73e-04,207.4
2530,1.815556,1.73e-04,206.5
2540,1.761779,1.73e-04,207.3
2550,1.815192,1.73e-04,209.0
2560,1.780558,1.73e-04,214.3
2570,1.722955,1.72e-04,209.8
2580,1.880494,1.72e-04,217.1
2590,2.018874,1.72e-04,220.9
2600,1.892435,1.72e-04,216.5
2610,1.561960,1.71e-04,194.1
2620,1.729365,1.71e-04,206.2
2630,1.566990,1.71e-04,200.7
2640,1.934252,1.71e-04,216.2
2650,1.854426,1.70e-04,204.4
2660,1.739455,1.70e-04,200.3
2670,1.800369,1.70e-04,221.8
2680,1.767307,1.70e-04,209.3
2690,1.756221,1.70e-04,199.6
2700,1.854108,1.69e-04,221.7
2710,1.848628,1.69e-04,213.7
2720,1.381775,1.69e-04,170.5
2730,1.478720,1.69e-04,186.3
2740,1.739291,1.68e-04,215.1
2750,1.657379,1.68e-04,207.3
2760,1.934917,1.68e-04,232.2
2770,1.887324,1.68e-04,221.6
2780,1.730914,1.67e-04,214.0
2790,1.786811,1.67e-04,213.7
2800,1.683406,1.67e-04,215.2
2810,1.502612,1.67e-04,186.8
2820,1.983862,1.66e-04,224.8
2830,1.705207,1.66e-04,207.5
2840,1.418507,1.66e-04,185.1
2850,1.900049,1.66e-04,216.3
2860,1.687146,1.65e-04,209.8
2870,1.685098,1.65e-04,211.7
2880,1.844510,1.65e-04,213.4
2890,1.637340,1.65e-04,207.1
2900,1.714587,1.64e-04,201.1
2910,1.537844,1.64e-04,194.5
2920,1.660006,1.64e-04,203.3
2930,1.743693,1.64e-04,208.5
2940,1.578860,1.63e-04,200.4
2950,1.635429,1.63e-04,214.2
2960,1.908149,1.63e-04,216.9
2970,1.716532,1.63e-04,199.4
2980,1.600044,1.62e-04,203.3
2990,1.571427,1.62e-04,193.1
3000,1.614488,1.62e-04,203.6
3010,1.522785,1.61e-04,198.2
3020,1.793771,1.61e-04,223.7
3030,1.847108,1.61e-04,211.1
3040,1.686934,1.61e-04,217.8
3050,1.586408,1.60e-04,205.8
3060,1.805172,1.60e-04,222.3
3070,1.466054,1.60e-04,195.1
3080,1.728908,1.60e-04,207.1
3090,1.626762,1.59e-04,203.6
3100,2.396049,1.59e-04,210.2
3110,3.655573,1.59e-04,228.7
3120,3.032692,1.59e-04,190.6
3130,2.768279,1.58e-04,209.1
3140,2.439879,1.58e-04,207.7
3150,2.209232,1.58e-04,211.0
3160,2.299560,1.57e-04,201.9
3170,2.128556,1.57e-04,202.4
3180,1.973885,1.57e-04,202.9
3190,1.526287,1.57e-04,179.4
3200,2.050941,1.56e-04,207.1
3210,2.081303,1.56e-04,221.5
3220,1.789905,1.56e-04,200.3
3230,1.827757,1.56e-04,209.4
3240,1.510297,1.55e-04,192.7
3250,1.982037,1.55e-04,209.2
3260,1.880908,1.55e-04,212.8
3270,2.018046,1.54e-04,228.7
3280,1.929124,1.54e-04,210.2
3290,1.798489,1.54e-04,205.2
3300,1.655654,1.54e-04,202.2
3310,1.633748,1.53e-04,199.6
3320,2.014292,1.53e-04,222.7
3330,1.885301,1.53e-04,209.5
3340,1.497840,1.52e-04,197.3
3350,1.944348,1.52e-04,219.5
3360,2.038261,1.52e-04,231.2
3370,1.768420,1.52e-04,199.0
3380,1.881831,1.51e-04,221.5
3390,1.811271,1.51e-04,221.5
3400,1.902610,1.51e-04,234.8
3410,1.635925,1.50e-04,203.0
3420,1.904274,1.50e-04,216.1
3430,1.736811,1.50e-04,204.6
3440,1.623309,1.50e-04,199.7
3450,1.632812,1.49e-04,202.3
3460,1.575268,1.49e-04,201.5
3470,1.718487,1.49e-04,205.8
3480,1.867495,1.48e-04,234.1
3490,1.699383,1.48e-04,216.5
3500,1.520806,1.48e-04,194.3
3510,1.523578,1.48e-04,194.0
3520,1.776134,1.47e-04,209.9
3530,1.660855,1.47e-04,200.4
3540,1.565555,1.47e-04,200.3
3550,1.549394,1.46e-04,199.1
3560,1.656467,1.46e-04,202.7
3570,1.695197,1.46e-04,207.4
3580,1.632874,1.45e-04,200.1
3590,1.797059,1.45e-04,212.8
3600,1.449328,1.45e-04,205.5
3610,1.556277,1.45e-04,196.3
3620,1.421747,1.44e-04,197.0
3630,1.794011,1.44e-04,225.9
3640,1.427442,1.44e-04,190.7
3650,1.522375,1.43e-04,202.4
3660,1.572360,1.43e-04,205.4
3670,1.628384,1.43e-04,204.0
3680,1.906693,1.42e-04,226.2
3690,1.616373,1.42e-04,209.3
3700,1.438955,1.42e-04,207.3
3710,1.670802,1.42e-04,218.6
3720,1.861619,1.41e-04,224.8
3730,1.720043,1.41e-04,214.8
3740,1.653888,1.41e-04,213.0
3750,1.705059,1.40e-04,227.6
3760,1.698553,1.40e-04,217.1
3770,1.759047,1.40e-04,222.9
3780,1.652967,1.39e-04,223.5
3790,1.326105,1.39e-04,188.9
3800,1.643130,1.39e-04,214.4
3810,1.654235,1.39e-04,215.9
3820,1.562551,1.38e-04,205.4
3830,1.708498,1.38e-04,221.3
3840,1.331312,1.38e-04,189.1
3850,1.608734,1.37e-04,200.0
3860,1.653310,1.37e-04,212.4
3870,1.756877,1.37e-04,224.4
3880,1.788303,1.36e-04,210.6
3890,1.664285,1.36e-04,208.6
3900,1.921086,1.36e-04,209.2
3910,1.982015,1.35e-04,224.8
3920,1.709475,1.35e-04,202.1
3930,1.827597,1.35e-04,225.0
3940,1.656191,1.34e-04,214.7
3950,1.619011,1.34e-04,211.9
3960,1.530531,1.34e-04,206.6
3970,1.694596,1.34e-04,222.3
3980,1.573478,1.33e-04,207.7
3990,1.875871,1.33e-04,226.1
4000,1.541972,1.33e-04,208.7
4010,1.720306,1.32e-04,219.2
4020,1.388307,1.32e-04,185.9
4030,1.637576,1.32e-04,230.8
4040,1.734259,1.31e-04,218.8
4050,1.615683,1.31e-04,212.8
4060,1.671537,1.31e-04,229.4
4070,1.687786,1.30e-04,209.1
4080,1.513098,1.30e-04,188.1
4090,1.462650,1.30e-04,199.5
4100,1.416375,1.29e-04,198.3
4110,1.661931,1.29e-04,217.6
4120,1.646078,1.29e-04,203.1
4130,1.540879,1.28e-04,214.8
4140,1.623073,1.28e-04,218.0
4150,1.288408,1.28e-04,192.8
4160,1.620697,1.27e-04,203.7
4170,1.579885,1.27e-04,205.3
4180,1.681903,1.27e-04,218.1
4190,1.604278,1.27e-04,213.3
4200,1.309985,1.26e-04,189.6
4210,1.492634,1.26e-04,210.0
4220,1.246358,1.26e-04,192.3
4230,1.390982,1.25e-04,197.3
4240,1.657775,1.25e-04,220.2
4250,1.670461,1.25e-04,224.8
4260,1.263094,1.24e-04,196.1
4270,1.478477,1.24e-04,217.2
4280,1.545347,1.24e-04,208.1
4290,1.529020,1.23e-04,227.5
4300,1.591684,1.23e-04,193.2
4310,1.651378,1.23e-04,208.5
4320,1.707928,1.22e-04,221.8
4330,1.559938,1.22e-04,211.3
4340,1.868883,1.22e-04,242.5
4350,1.302337,1.21e-04,197.4
4360,1.543238,1.21e-04,227.2
4370,1.713306,1.21e-04,239.9
4380,1.315880,1.20e-04,196.8
4390,1.577307,1.20e-04,212.4
4400,1.616122,1.20e-04,225.7
4410,1.596421,1.19e-04,219.9
4420,1.561817,1.19e-04,215.9
4430,1.655239,1.19e-04,219.2
4440,1.442374,1.18e-04,201.6
4450,1.531296,1.18e-04,216.4
4460,1.523328,1.18e-04,209.2
4470,1.653615,1.17e-04,220.9
4480,1.766377,1.17e-04,222.8
4490,1.593471,1.17e-04,217.3
4500,1.421807,1.16e-04,198.3
4510,1.620026,1.16e-04,218.7
4520,1.482877,1.16e-04,204.6
4530,1.503628,1.15e-04,203.0
4540,1.275538,1.15e-04,187.1
4550,1.488171,1.15e-04,201.8
4560,1.602168,1.14e-04,226.9
4570,1.597363,1.14e-04,222.5
4580,1.391703,1.14e-04,206.0
4590,1.550703,1.13e-04,219.9
4600,1.585776,1.13e-04,215.1
4610,1.523682,1.13e-04,212.8
4620,1.512253,1.12e-04,213.9
4630,1.414286,1.12e-04,200.0
4640,1.560180,1.12e-04,206.1
4650,1.435575,1.11e-04,199.3
4660,1.620108,1.11e-04,215.7
4670,1.309060,1.11e-04,197.0
4680,1.352286,1.10e-04,192.0
4690,1.566948,1.10e-04,206.2
4700,1.588821,1.10e-04,211.9
4710,1.455762,1.10e-04,196.7
4720,1.489627,1.09e-04,198.4
4730,1.548568,1.09e-04,217.7
4740,1.369458,1.09e-04,198.9
4750,1.559190,1.08e-04,208.6
4760,1.364444,1.08e-04,196.1
4770,1.428616,1.08e-04,201.0
4780,1.612111,1.07e-04,208.2
4790,1.522624,1.07e-04,214.6
4800,1.596508,1.07e-04,205.6
4810,1.548247,1.06e-04,214.0
4820,1.618925,1.06e-04,215.9
4830,1.425537,1.06e-04,206.3
4840,1.560430,1.05e-04,209.9
4850,1.547805,1.05e-04,207.2
4860,1.536062,1.05e-04,207.4
4870,1.329845,1.04e-04,188.6
4880,1.429131,1.04e-04,208.1
4890,1.301221,1.04e-04,202.1
4900,1.449291,1.03e-04,217.2
4910,1.546448,1.03e-04,219.3
4920,1.474031,1.03e-04,217.0
4930,1.436277,1.02e-04,201.3
4940,1.708317,1.02e-04,219.0
4950,1.551394,1.02e-04,204.2
4960,1.401239,1.01e-04,196.0
4970,1.538126,1.01e-04,202.6
4980,1.569174,1.01e-04,210.0
4990,1.481078,1.00e-04,213.8
5000,1.503621,9.98e-05,206.1
5010,1.386681,9.95e-05,203.1
5020,1.569413,9.92e-05,214.9
5030,1.447417,9.88e-05,216.7
5040,1.562781,9.85e-05,224.4
5050,1.279761,9.82e-05,191.1
5060,1.423229,9.78e-05,191.2
5070,1.345674,9.75e-05,194.6
5080,1.479757,9.72e-05,203.1
5090,1.561603,9.68e-05,221.0
5100,1.316719,9.65e-05,190.0
5110,1.364212,9.62e-05,194.9
5120,1.446819,9.59e-05,198.4
5130,1.541649,9.55e-05,211.0
5140,1.653167,9.52e-05,227.5
5150,1.426554,9.49e-05,200.3
5160,1.514769,9.45e-05,208.9
5170,1.428477,9.42e-05,207.8
5180,1.578712,9.39e-05,225.6
5190,1.271766,9.35e-05,199.6
5200,1.439510,9.32e-05,202.4
5210,1.301711,9.29e-05,204.4
5220,1.420800,9.25e-05,199.0
5230,1.429753,9.22e-05,210.4
5240,1.426545,9.19e-05,198.1
5250,1.466084,9.15e-05,210.3
5260,1.522274,9.12e-05,217.4
5270,1.591947,9.09e-05,229.1
5280,1.440316,9.05e-05,201.9
5290,1.587543,9.02e-05,216.0
5300,1.458908,8.99e-05,203.6
5310,1.463528,8.95e-05,211.3
5320,1.647975,8.92e-05,209.1
5330,1.235247,8.89e-05,192.0
5340,1.286938,8.85e-05,197.6
5350,1.444765,8.82e-05,208.8
5360,1.537779,8.79e-05,225.6
5370,1.522947,8.75e-05,214.9
5380,1.588617,8.72e-05,223.9
5390,1.187416,8.69e-05,184.6
5400,1.467347,8.66e-05,212.7
5410,1.390407,8.62e-05,190.1
5420,1.736134,8.59e-05,207.8
5430,1.766977,8.56e-05,216.3
5440,1.879012,8.52e-05,225.0
5450,1.346098,8.49e-05,190.8
5460,1.371379,8.46e-05,211.2
5470,1.499680,8.42e-05,222.4
5480,1.658945,8.39e-05,222.4
5490,1.606541,8.36e-05,226.1
5500,1.176181,8.33e-05,194.5
5510,1.546689,8.29e-05,206.3
5520,1.427709,8.26e-05,202.6
5530,1.618493,8.23e-05,217.6
5540,1.289390,8.19e-05,199.2
5550,1.468230,8.16e-05,211.8
5560,1.329660,8.13e-05,199.0
5570,1.662385,8.10e-05,220.7
5580,1.450991,8.06e-05,224.7
5590,1.595382,8.03e-05,224.5
5600,1.512705,8.00e-05,210.0
5610,1.450787,7.97e-05,227.0
5620,1.324678,7.93e-05,189.4
5630,1.440977,7.90e-05,208.8
5640,1.474072,7.87e-05,209.7
5650,1.619229,7.84e-05,229.3
5660,1.447989,7.80e-05,206.0
5670,1.366364,7.77e-05,196.7
5680,1.352530,7.74e-05,208.5
5690,1.503567,7.71e-05,218.2
5700,1.367995,7.67e-05,201.8
5710,1.379633,7.64e-05,204.3
5720,1.345420,7.61e-05,205.3
5730,1.548820,7.58e-05,228.0
5740,1.153310,7.54e-05,185.8
5750,1.275658,7.51e-05,193.2
5760,1.512301,7.48e-05,206.3
5770,1.545635,7.45e-05,228.3
5780,1.586959,7.41e-05,226.4
5790,1.399112,7.38e-05,217.3
5800,1.241822,7.35e-05,189.8
5810,1.344660,7.32e-05,205.6
5820,1.349612,7.29e-05,206.5
5830,1.485458,7.25e-05,213.5
5840,1.360580,7.22e-05,210.7
5850,1.585249,7.19e-05,231.5
5860,1.472506,7.16e-05,209.0
5870,1.520728,7.13e-05,219.9
5880,1.289609,7.09e-05,193.1
5890,1.175673,7.06e-05,199.7
5900,1.194436,7.03e-05,192.6
5910,1.601370,7.00e-05,225.9
5920,1.312660,6.97e-05,197.3
5930,1.343714,6.93e-05,208.5
5940,1.161077,6.90e-05,189.5
5950,1.594454,6.87e-05,209.0
5960,1.210506,6.84e-05,196.3
5970,1.367674,6.81e-05,206.2
5980,1.341021,6.78e-05,200.5
5990,1.364992,6.74e-05,205.3
6000,1.311446,6.71e-05,205.9
6010,1.238168,6.68e-05,191.7
6020,1.176915,6.65e-05,201.0
6030,1.348582,6.62e-05,206.1
6040,1.441184,6.59e-05,226.5
6050,0.999809,6.56e-05,165.6
6060,1.466959,6.53e-05,191.4
6070,1.541604,6.49e-05,228.8
6080,1.446245,6.46e-05,214.2
6090,1.407387,6.43e-05,215.7
6100,1.458678,6.40e-05,205.4
6110,1.223131,6.37e-05,188.4
6120,1.318023,6.34e-05,194.2
6130,1.470600,6.31e-05,213.1
6140,1.304591,6.28e-05,207.6
6150,1.384115,6.25e-05,209.0
6160,1.397520,6.21e-05,220.1
6170,1.344026,6.18e-05,214.0
6180,1.502104,6.15e-05,218.8
6190,1.347208,6.12e-05,200.8
6200,1.370206,6.09e-05,211.6
6210,1.458977,6.06e-05,203.8
6220,1.364601,6.03e-05,209.2
6230,1.570550,6.00e-05,225.4
6240,1.381806,5.97e-05,197.9
6250,1.340716,5.94e-05,211.6
6260,1.336302,5.91e-05,208.2
6270,1.199014,5.88e-05,187.6
6280,1.320198,5.85e-05,193.4
6290,1.396858,5.82e-05,206.2
6300,1.415226,5.79e-05,207.3
6310,1.332405,5.76e-05,201.8
6320,1.461671,5.73e-05,204.5
6330,1.397187,5.70e-05,210.2
6340,1.453977,5.67e-05,226.7
6350,1.327220,5.64e-05,207.3
6360,1.450109,5.61e-05,203.3
6370,1.344740,5.58e-05,216.0
6380,1.521572,5.55e-05,212.0
6390,1.407528,5.52e-05,196.7
6400,1.405467,5.49e-05,200.8
6410,1.307076,5.46e-05,193.6
6420,1.446815,5.43e-05,221.6
6430,1.202632,5.40e-05,198.2
6440,1.721592,5.37e-05,222.6
6450,1.528463,5.34e-05,214.9
6460,1.485943,5.31e-05,225.0
6470,1.519865,5.28e-05,230.8
6480,1.345328,5.25e-05,210.2
6490,1.383756,5.22e-05,211.1
6500,1.338864,5.19e-05,193.0
6510,1.250708,5.16e-05,197.2
6520,1.255697,5.13e-05,203.1
6530,1.458732,5.10e-05,213.7
6540,1.194014,5.08e-05,182.3
6550,1.279557,5.05e-05,198.6
6560,1.280272,5.02e-05,196.9
6570,1.444539,4.99e-05,203.8
6580,1.109397,4.96e-05,174.3
6590,1.468479,4.93e-05,222.3
6600,1.209694,4.90e-05,198.5
6610,1.324675,4.87e-05,204.0
6620,1.278716,4.84e-05,207.8
6630,1.414272,4.82e-05,188.6
6640,1.318191,4.79e-05,217.3
6650,1.382447,4.76e-05,198.0
6660,1.338491,4.73e-05,214.9
6670,1.359731,4.70e-05,202.4
6680,1.217782,4.67e-05,200.6
6690,1.459192,4.65e-05,216.3
6700,1.421031,4.62e-05,214.4
6710,1.523977,4.59e-05,217.1
6720,1.226684,4.56e-05,196.8
6730,1.346791,4.53e-05,205.6
6740,1.345311,4.51e-05,219.0
6750,1.222333,4.48e-05,203.1
6760,1.293443,4.45e-05,201.4
6770,1.119479,4.42e-05,184.1
6780,1.368617,4.40e-05,210.9
6790,1.228676,4.37e-05,204.9
6800,1.376725,4.34e-05,214.6
6810,1.362900,4.31e-05,205.2
6820,1.413008,4.29e-05,201.6
6830,1.396469,4.26e-05,206.1
6840,1.199613,4.23e-05,194.8
6850,1.596654,4.20e-05,236.8
6860,1.376741,4.18e-05,208.7
6870,1.577698,4.15e-05,223.1
6880,1.384728,4.12e-05,224.5
6890,1.392715,4.10e-05,221.0
6900,1.553299,4.07e-05,226.1
6910,1.507767,4.04e-05,235.7
6920,1.458130,4.02e-05,218.0
6930,1.466666,3.99e-05,212.6
6940,1.366797,3.96e-05,224.2
6950,1.349460,3.94e-05,210.9
6960,1.436305,3.91e-05,219.6
6970,1.508068,3.88e-05,217.6
6980,1.381854,3.86e-05,198.3
6990,1.396537,3.83e-05,209.8
7000,1.397946,3.80e-05,211.1
7010,1.398789,3.78e-05,206.5
7020,1.601860,3.75e-05,236.9
7030,1.140624,3.73e-05,197.7
7040,1.204982,3.70e-05,203.5
7050,1.170100,3.67e-05,201.7
7060,1.447527,3.65e-05,206.8
7070,1.588445,3.62e-05,233.9
7080,1.298274,3.60e-05,200.3
7090,1.363266,3.57e-05,207.4
7100,1.364882,3.55e-05,216.7
7110,1.239436,3.52e-05,207.5
7120,1.395180,3.49e-05,206.6
7130,1.367689,3.47e-05,207.4
7140,1.424244,3.44e-05,226.8
7150,1.308051,3.42e-05,210.4
7160,1.373436,3.39e-05,214.6
7170,1.279070,3.37e-05,218.5
7180,1.290194,3.34e-05,197.0
7190,1.186088,3.32e-05,208.4
7200,1.378118,3.29e-05,215.1
7210,1.396954,3.27e-05,206.0
7220,1.420571,3.25e-05,215.2
7230,1.447614,3.22e-05,222.2
7240,1.342222,3.20e-05,207.7
7250,1.243807,3.17e-05,203.3
7260,1.352380,3.15e-05,209.8
7270,1.288751,3.12e-05,209.1
7280,1.409603,3.10e-05,212.1
7290,1.240201,3.07e-05,200.4
7300,1.213460,3.05e-05,202.8
7310,1.223877,3.03e-05,206.8
7320,1.182861,3.00e-05,191.1
7330,1.380844,2.98e-05,217.5
7340,1.407834,2.96e-05,220.0
7350,1.122426,2.93e-05,194.6
7360,1.351083,2.91e-05,222.6
7370,1.525072,2.88e-05,231.3
7380,1.393398,2.86e-05,219.8
7390,1.170568,2.84e-05,194.1
7400,1.260991,2.81e-05,200.7
7410,1.321556,2.79e-05,211.9
7420,1.435092,2.77e-05,233.1
7430,1.355542,2.75e-05,216.0
7440,1.446866,2.72e-05,212.3
7450,1.281944,2.70e-05,206.7
7460,1.208453,2.68e-05,189.9
7470,1.446996,2.65e-05,204.9
7480,1.410295,2.63e-05,219.9
7490,1.216869,2.61e-05,214.8
7500,1.596119,2.59e-05,212.8
7510,1.457321,2.56e-05,230.9
7520,1.375065,2.54e-05,206.2
7530,1.170606,2.52e-05,193.0
7540,1.046252,2.50e-05,189.4
7550,1.163522,2.48e-05,194.1
7560,1.315453,2.45e-05,190.7
7570,1.529619,2.43e-05,228.1
7580,1.528008,2.41e-05,224.7
7590,1.368414,2.39e-05,218.4
7600,1.275128,2.37e-05,214.7
7610,1.209173,2.35e-05,197.0
7620,1.382914,2.32e-05,214.0
7630,1.323654,2.30e-05,200.2
7640,1.162174,2.28e-05,201.5
7650,1.211186,2.26e-05,202.5
7660,1.151671,2.24e-05,206.3
7670,1.463499,2.22e-05,219.4
7680,1.236838,2.20e-05,198.9
7690,1.181561,2.18e-05,204.0
7700,1.360345,2.16e-05,211.9
7710,1.239937,2.14e-05,212.4
7720,1.365589,2.12e-05,203.2
7730,1.314618,2.09e-05,214.4
7740,1.349973,2.07e-05,213.4
7750,1.116235,2.05e-05,185.2
7760,1.377013,2.03e-05,189.5
7770,1.466307,2.01e-05,200.1
7780,1.303846,1.99e-05,195.2
7790,1.162874,1.97e-05,195.5
7800,1.163480,1.95e-05,196.1
7810,1.323351,1.93e-05,208.6
7820,1.458689,1.91e-05,218.3
7830,1.265225,1.89e-05,199.0
7840,1.295888,1.88e-05,188.3
7850,1.507598,1.86e-05,223.4
7860,1.178439,1.84e-05,194.4
7870,1.201134,1.82e-05,198.2
7880,1.337493,1.80e-05,212.5
7890,1.309812,1.78e-05,203.0
7900,1.226271,1.76e-05,191.4
7910,1.343812,1.74e-05,217.4
7920,1.234780,1.72e-05,212.3
7930,1.123879,1.70e-05,203.9
7940,1.141244,1.69e-05,198.8
7950,1.314778,1.67e-05,208.2
7960,1.416170,1.65e-05,218.1
7970,1.359193,1.63e-05,207.8
7980,1.215399,1.61e-05,204.7
7990,1.381657,1.59e-05,220.4
8000,1.496419,1.58e-05,221.7
8010,1.376082,1.56e-05,215.9
8020,1.382313,1.54e-05,209.6
8030,1.283378,1.52e-05,203.2
8040,1.474044,1.51e-05,217.1
8050,1.206775,1.49e-05,207.0
8060,1.331549,1.47e-05,223.5
8070,1.379345,1.45e-05,209.0
8080,1.459735,1.44e-05,217.0
8090,1.302377,1.42e-05,219.3
8100,1.396345,1.40e-05,220.6
8110,1.410984,1.38e-05,231.8
8120,1.324732,1.37e-05,211.6
8130,1.557648,1.35e-05,219.5
8140,1.482653,1.33e-05,225.6
8150,1.327817,1.32e-05,193.3
8160,1.281099,1.30e-05,195.4
8170,1.141371,1.28e-05,190.4
8180,1.260588,1.27e-05,198.2
8190,1.406685,1.25e-05,213.1
8200,1.211343,1.24e-05,202.1
8210,1.439271,1.22e-05,221.1
8220,1.336896,1.20e-05,213.6
8230,1.292622,1.19e-05,203.0
8240,1.211952,1.17e-05,203.5
8250,1.413508,1.16e-05,227.0
8260,1.202504,1.14e-05,199.7
8270,1.273823,1.13e-05,208.1
8280,1.266552,1.11e-05,202.8
8290,1.409153,1.10e-05,218.5
8300,1.301018,1.08e-05,207.6
8310,1.367469,1.07e-05,212.9
8320,1.353654,1.05e-05,209.3
8330,1.199075,1.04e-05,206.5
8340,1.367142,1.02e-05,208.6
8350,1.312438,1.01e-05,210.8
8360,1.251243,9.92e-06,216.5
8370,1.257702,9.77e-06,205.1
8380,1.261545,9.63e-06,208.9
8390,1.160687,9.49e-06,195.2
8400,1.097341,9.34e-06,195.5
8410,1.150734,9.20e-06,199.4
8420,1.470400,9.07e-06,222.2
8430,1.339709,8.93e-06,218.1
8440,1.243679,8.79e-06,193.8
8450,1.394444,8.65e-06,215.5
8460,1.261237,8.52e-06,219.6
8470,1.195000,8.38e-06,204.6
8480,1.363602,8.25e-06,213.1
8490,1.263478,8.12e-06,214.7
8500,1.244748,7.99e-06,208.5
8510,1.337092,7.86e-06,206.0
8520,1.251995,7.73e-06,216.4
8530,1.328106,7.60e-06,205.9
8540,1.273350,7.47e-06,215.9
8550,1.341575,7.35e-06,217.9
8560,1.187046,7.22e-06,198.5
8570,1.312292,7.10e-06,209.6
8580,1.156234,6.98e-06,213.0
8590,1.415534,6.85e-06,224.8
8600,1.144797,6.73e-06,206.6
8610,1.236375,6.61e-06,203.9
8620,1.504991,6.50e-06,227.1
8630,1.254312,6.38e-06,209.1
8640,1.298563,6.26e-06,215.3
8650,1.350146,6.15e-06,221.1
8660,1.296969,6.03e-06,208.5
8670,1.343723,5.92e-06,228.2
8680,1.481153,5.80e-06,228.3
8690,1.267944,5.69e-06,212.3
8700,1.092083,5.58e-06,203.2
8710,1.429071,5.47e-06,232.4
8720,1.355607,5.37e-06,220.0
8730,1.397054,5.26e-06,225.2
8740,1.337477,5.15e-06,211.4
8750,1.277334,5.05e-06,209.3
8760,1.363874,4.94e-06,216.0
8770,1.334491,4.84e-06,217.9
8780,1.366221,4.74e-06,211.3
8790,1.235083,4.64e-06,215.8
8800,1.292118,4.54e-06,225.6
8810,1.446844,4.44e-06,217.6
8820,1.063791,4.34e-06,200.0
8830,1.345747,4.24e-06,211.1
8840,1.415563,4.15e-06,227.0
8850,1.348286,4.05e-06,217.8
8860,1.281820,3.96e-06,207.3
8870,1.228608,3.87e-06,197.3
8880,1.248133,3.78e-06,202.7
8890,1.263802,3.69e-06,205.7
8900,1.435710,3.60e-06,227.2
8910,1.230078,3.51e-06,204.2
8920,1.238948,3.42e-06,211.6
8930,1.413406,3.34e-06,218.7
8940,1.408315,3.25e-06,226.7
8950,1.161215,3.17e-06,192.3
8960,1.241372,3.09e-06,211.5
8970,1.138834,3.00e-06,186.6
8980,1.195806,2.92e-06,200.2
8990,1.369287,2.84e-06,202.4
9000,1.237780,2.77e-06,208.0
9010,1.368155,2.69e-06,211.3
9020,1.196690,2.61e-06,196.6
9030,1.352279,2.54e-06,222.9
9040,1.080371,2.46e-06,190.7
9050,1.343651,2.39e-06,211.5
9060,1.333405,2.32e-06,215.2
9070,1.243768,2.25e-06,201.1
9080,1.136245,2.18e-06,194.7
9090,1.225347,2.11e-06,214.1
9100,1.270313,2.04e-06,211.6
9110,1.231558,1.97e-06,202.9
9120,1.086273,1.91e-06,186.4
9130,1.293199,1.84e-06,209.8
9140,1.391791,1.78e-06,224.3
9150,1.341550,1.72e-06,216.2
9160,1.304327,1.66e-06,210.6
9170,1.171198,1.60e-06,191.2
9180,1.221259,1.54e-06,205.8
9190,1.412515,1.48e-06,213.5
9200,1.132692,1.43e-06,191.1
9210,1.314449,1.37e-06,216.4
9220,1.075139,1.32e-06,194.0
9230,1.290556,1.26e-06,212.2
9240,1.212690,1.21e-06,180.8
9250,1.391915,1.16e-06,217.8
9260,1.298993,1.11e-06,205.8
9270,1.196566,1.06e-06,203.6
9280,1.266311,1.01e-06,209.1
9290,0.962654,9.65e-07,177.2
9300,1.164403,9.19e-07,201.8
9310,1.202579,8.75e-07,208.9
9320,1.220157,8.31e-07,203.2
9330,1.284237,7.89e-07,211.4
9340,1.211864,7.48e-07,192.1
9350,1.217342,7.07e-07,193.6
9360,1.224613,6.68e-07,215.3
9370,1.276697,6.31e-07,195.8
9380,1.223136,5.94e-07,215.6
9390,1.178043,5.58e-07,197.9
9400,1.112871,5.23e-07,201.5
9410,1.231482,4.90e-07,191.6
9420,1.129668,4.57e-07,204.3
9423,1.341181,4.48e-07,214.2
